query_id,doc_id,relevance,query_len_unique,doc_len_unique,overlap_count,overlap_query_rate,jaccard
1,12,2,0,0,0,0.0,0.0
1,13,1,0,0,0,0.0,0.0
1,14,1,0,0,0,0.0,0.0
1,15,1,0,0,0,0.0,0.0
1,29,3,0,0,0,0.0,0.0
1,30,2,0,0,0,0.0,0.0
1,31,3,0,0,0,0.0,0.0
1,37,2,0,0,0,0.0,0.0
1,51,2,0,0,0,0.0,0.0
1,52,1,0,0,0,0.0,0.0
1,56,2,0,0,0,0.0,0.0
1,57,3,0,0,0,0.0,0.0
1,66,2,0,0,0,0.0,0.0
1,95,2,0,0,0,0.0,0.0
1,102,2,0,0,0,0.0,0.0
1,142,1,0,0,0,0.0,0.0
1,184,3,0,0,0,0.0,0.0
1,185,2,0,0,0,0.0,0.0
1,195,1,0,0,0,0.0,0.0
1,378,3,0,0,0,0.0,0.0
1,462,1,0,0,0,0.0,0.0
1,497,2,0,0,0,0.0,0.0
1,858,2,0,0,0,0.0,0.0
1,859,3,0,0,0,0.0,0.0
1,875,3,0,0,0,0.0,0.0
1,876,2,0,0,0,0.0,0.0
1,879,2,0,0,0,0.0,0.0
1,880,2,0,0,0,0.0,0.0
2,12,4,0,0,0,0.0,0.0
2,14,1,0,0,0,0.0,0.0
2,15,3,0,0,0,0.0,0.0
2,51,2,0,0,0,0.0,0.0
2,52,1,0,0,0,0.0,0.0
2,102,2,0,0,0,0.0,0.0
2,184,3,0,0,0,0.0,0.0
2,202,2,0,0,0,0.0,0.0
2,285,2,0,0,0,0.0,0.0
2,380,1,0,0,0,0.0,0.0
2,390,2,0,0,0,0.0,0.0
2,391,2,0,0,0,0.0,0.0
2,442,1,0,0,0,0.0,0.0
2,497,2,0,0,0,0.0,0.0
2,643,2,0,0,0,0.0,0.0
2,658,2,0,0,0,0.0,0.0
2,746,4,0,0,0,0.0,0.0
2,856,2,0,0,0,0.0,0.0
2,857,2,0,0,0,0.0,0.0
2,858,3,0,0,0,0.0,0.0
2,859,3,0,0,0,0.0,0.0
2,864,2,0,0,0,0.0,0.0
2,877,2,0,0,0,0.0,0.0
2,948,3,0,0,0,0.0,0.0
3,5,2,0,0,0,0.0,0.0
3,6,2,0,0,0,0.0,0.0
3,90,2,0,0,0,0.0,0.0
3,91,2,0,0,0,0.0,0.0
3,119,2,0,0,0,0.0,0.0
3,144,2,0,0,0,0.0,0.0
3,181,2,0,0,0,0.0,0.0
3,399,2,0,0,0,0.0,0.0
4,166,2,0,0,0,0.0,0.0
4,236,2,0,0,0,0.0,0.0
5,401,2,0,0,0,0.0,0.0
5,552,4,0,0,0,0.0,0.0
5,1296,4,0,0,0,0.0,0.0
5,1297,2,0,0,0,0.0,0.0
6,99,3,0,0,0,0.0,0.0
6,115,2,0,0,0,0.0,0.0
6,257,2,0,0,0,0.0,0.0
6,258,2,0,0,0,0.0,0.0
7,19,1,0,0,0,0.0,0.0
7,20,3,0,0,0,0.0,0.0
7,56,2,0,0,0,0.0,0.0
7,57,2,0,0,0,0.0,0.0
7,58,2,0,0,0,0.0,0.0
8,20,2,0,0,0,0.0,0.0
8,48,4,0,0,0,0.0,0.0
8,58,2,0,0,0,0.0,0.0
8,122,4,0,0,0,0.0,0.0
8,196,2,0,0,0,0.0,0.0
8,197,2,0,0,0,0.0,0.0
8,354,4,0,0,0,0.0,0.0
8,360,4,0,0,0,0.0,0.0
8,999,2,0,0,0,0.0,0.0
8,1005,4,0,0,0,0.0,0.0
8,1112,2,0,0,0,0.0,0.0
9,21,3,0,0,0,0.0,0.0
9,22,3,0,0,0,0.0,0.0
9,550,3,0,0,0,0.0,0.0
10,259,3,0,0,0,0.0,0.0
10,302,2,0,0,0,0.0,0.0
10,405,3,0,0,0,0.0,0.0
10,436,2,0,0,0,0.0,0.0
10,437,2,0,0,0,0.0,0.0
10,438,2,0,0,0,0.0,0.0
10,998,2,0,0,0,0.0,0.0
10,1011,2,0,0,0,0.0,0.0
11,20,1,0,0,0,0.0,0.0
11,27,2,0,0,0,0.0,0.0
11,28,2,0,0,0,0.0,0.0
11,160,1,0,0,0,0.0,0.0
11,262,2,0,0,0,0.0,0.0
11,263,2,0,0,0,0.0,0.0
11,654,1,0,0,0,0.0,0.0
12,86,3,0,0,0,0.0,0.0
12,194,3,0,0,0,0.0,0.0
12,649,1,0,0,0,0.0,0.0
12,650,3,0,0,0,0.0,0.0
12,652,3,0,0,0,0.0,0.0
13,64,3,0,0,0,0.0,0.0
13,65,1,0,0,0,0.0,0.0
13,265,3,0,0,0,0.0,0.0
13,311,1,0,0,0,0.0,0.0
14,64,4,0,0,0,0.0,0.0
14,65,1,0,0,0,0.0,0.0
15,462,2,0,0,0,0.0,0.0
15,463,4,0,0,0,0.0,0.0
16,106,2,0,0,0,0.0,0.0
16,196,2,0,0,0,0.0,0.0
16,266,3,0,0,0,0.0,0.0
17,106,3,0,0,0,0.0,0.0
17,196,2,0,0,0,0.0,0.0
18,196,3,0,0,0,0.0,0.0
18,197,3,0,0,0,0.0,0.0
18,198,3,0,0,0,0.0,0.0
19,32,3,0,0,0,0.0,0.0
19,67,3,0,0,0,0.0,0.0
19,164,3,0,0,0,0.0,0.0
19,639,2,0,0,0,0.0,0.0
19,715,2,0,0,0,0.0,0.0
19,716,2,0,0,0,0.0,0.0
19,717,2,0,0,0,0.0,0.0
19,719,1,0,0,0,0.0,0.0
19,1379,1,0,0,0,0.0,0.0
20,87,2,0,0,0,0.0,0.0
20,88,2,0,0,0,0.0,0.0
20,104,2,0,0,0,0.0,0.0
20,267,2,0,0,0,0.0,0.0
20,268,2,0,0,0,0.0,0.0
20,269,2,0,0,0,0.0,0.0
20,270,2,0,0,0,0.0,0.0
20,407,2,0,0,0,0.0,0.0
20,408,2,0,0,0,0.0,0.0
21,16,3,0,0,0,0.0,0.0
21,271,4,0,0,0,0.0,0.0
21,413,3,0,0,0,0.0,0.0
21,414,2,0,0,0,0.0,0.0
22,68,4,0,0,0,0.0,0.0
23,199,1,0,0,0,0.0,0.0
23,200,3,0,0,0,0.0,0.0
23,201,3,0,0,0,0.0,0.0
23,544,3,0,0,0,0.0,0.0
23,593,2,0,0,0,0.0,0.0
23,594,1,0,0,0,0.0,0.0
23,597,3,0,0,0,0.0,0.0
23,601,3,0,0,0,0.0,0.0
23,634,3,0,0,0,0.0,0.0
23,687,3,0,0,0,0.0,0.0
23,698,3,0,0,0,0.0,0.0
23,700,3,0,0,0,0.0,0.0
23,704,3,0,0,0,0.0,0.0
23,705,3,0,0,0,0.0,0.0
23,749,2,0,0,0,0.0,0.0
23,899,2,0,0,0,0.0,0.0
23,900,4,0,0,0,0.0,0.0
23,901,3,0,0,0,0.0,0.0
23,902,4,0,0,0,0.0,0.0
23,903,2,0,0,0,0.0,0.0
23,917,2,0,0,0,0.0,0.0
23,919,2,0,0,0,0.0,0.0
23,1109,3,0,0,0,0.0,0.0
23,1112,3,0,0,0,0.0,0.0
23,1141,3,0,0,0,0.0,0.0
23,1197,3,0,0,0,0.0,0.0
23,1256,3,0,0,0,0.0,0.0
23,1259,3,0,0,0,0.0,0.0
23,1272,3,0,0,0,0.0,0.0
23,1289,3,0,0,0,0.0,0.0
23,1290,2,0,0,0,0.0,0.0
23,1333,1,0,0,0,0.0,0.0
24,46,3,0,0,0,0.0,0.0
24,47,3,0,0,0,0.0,0.0
24,92,2,0,0,0,0.0,0.0
25,212,2,0,0,0,0.0,0.0
25,213,3,0,0,0,0.0,0.0
25,214,2,0,0,0,0.0,0.0
25,215,2,0,0,0,0.0,0.0
25,216,2,0,0,0,0.0,0.0
25,276,2,0,0,0,0.0,0.0
25,277,2,0,0,0,0.0,0.0
25,426,2,0,0,0,0.0,0.0
25,427,2,0,0,0,0.0,0.0
26,145,4,0,0,0,0.0,0.0
26,376,3,0,0,0,0.0,0.0
26,406,3,0,0,0,0.0,0.0
26,565,3,0,0,0,0.0,0.0
26,611,4,0,0,0,0.0,0.0
26,1076,3,0,0,0,0.0,0.0
27,224,3,0,0,0,0.0,0.0
27,278,2,0,0,0,0.0,0.0
27,428,2,0,0,0,0.0,0.0
28,224,2,0,0,0,0.0,0.0
28,279,2,0,0,0,0.0,0.0
29,225,2,0,0,0,0.0,0.0
29,250,3,0,0,0,0.0,0.0
29,464,1,0,0,0,0.0,0.0
29,465,1,0,0,0,0.0,0.0
29,466,1,0,0,0,0.0,0.0
29,514,3,0,0,0,0.0,0.0
29,609,3,0,0,0,0.0,0.0
29,612,3,0,0,0,0.0,0.0
29,793,2,0,0,0,0.0,0.0
30,225,3,0,0,0,0.0,0.0
30,464,3,0,0,0,0.0,0.0
30,466,2,0,0,0,0.0,0.0
30,514,3,0,0,0,0.0,0.0
30,609,2,0,0,0,0.0,0.0
30,612,2,0,0,0,0.0,0.0
30,793,1,0,0,0,0.0,0.0
31,776,1,0,0,0,0.0,0.0
32,247,1,0,0,0,0.0,0.0
32,249,2,0,0,0,0.0,0.0
32,250,1,0,0,0,0.0,0.0
32,465,3,0,0,0,0.0,0.0
32,777,2,0,0,0,0.0,0.0
32,778,2,0,0,0,0.0,0.0
33,141,1,0,0,0,0.0,0.0
33,252,2,0,0,0,0.0,0.0
33,431,2,0,0,0,0.0,0.0
34,252,4,0,0,0,0.0,0.0
34,431,2,0,0,0,0.0,0.0
34,672,2,0,0,0,0.0,0.0
34,714,2,0,0,0,0.0,0.0
34,799,2,0,0,0,0.0,0.0
34,800,2,0,0,0,0.0,0.0
35,132,2,0,0,0,0.0,0.0
35,166,4,0,0,0,0.0,0.0
35,167,4,0,0,0,0.0,0.0
36,168,2,0,0,0,0.0,0.0
36,169,3,0,0,0,0.0,0.0
37,97,2,0,0,0,0.0,0.0
37,121,2,0,0,0,0.0,0.0
37,172,2,0,0,0,0.0,0.0
37,173,3,0,0,0,0.0,0.0
37,187,2,0,0,0,0.0,0.0
37,188,3,0,0,0,0.0,0.0
37,242,2,0,0,0,0.0,0.0
37,409,2,0,0,0,0.0,0.0
37,487,2,0,0,0,0.0,0.0
38,24,3,0,0,0,0.0,0.0
38,272,2,0,0,0,0.0,0.0
38,283,3,0,0,0,0.0,0.0
38,552,3,0,0,0,0.0,0.0
38,553,3,0,0,0,0.0,0.0
38,554,3,0,0,0,0.0,0.0
38,555,3,0,0,0,0.0,0.0
38,556,3,0,0,0,0.0,0.0
38,557,1,0,0,0,0.0,0.0
38,558,1,0,0,0,0.0,0.0
39,24,3,0,0,0,0.0,0.0
39,79,2,0,0,0,0.0,0.0
39,207,2,0,0,0,0.0,0.0
39,272,4,0,0,0,0.0,0.0
39,283,3,0,0,0,0.0,0.0
39,418,2,0,0,0,0.0,0.0
39,505,2,0,0,0,0.0,0.0
39,552,3,0,0,0,0.0,0.0
39,554,3,0,0,0,0.0,0.0
39,555,4,0,0,0,0.0,0.0
39,556,3,0,0,0,0.0,0.0
39,557,1,0,0,0,0.0,0.0
39,1257,2,0,0,0,0.0,0.0
40,24,3,0,0,0,0.0,0.0
40,272,2,0,0,0,0.0,0.0
40,283,3,0,0,0,0.0,0.0
40,552,3,0,0,0,0.0,0.0
40,553,3,0,0,0,0.0,0.0
40,554,3,0,0,0,0.0,0.0
40,555,3,0,0,0,0.0,0.0
40,556,3,0,0,0,0.0,0.0
40,557,1,0,0,0,0.0,0.0
40,558,1,0,0,0,0.0,0.0
40,976,2,0,0,0,0.0,0.0
41,288,4,0,0,0,0.0,0.0
41,289,4,0,0,0,0.0,0.0
41,433,3,0,0,0,0.0,0.0
42,467,2,0,0,0,0.0,0.0
42,468,3,0,0,0,0.0,0.0
42,469,2,0,0,0,0.0,0.0
42,470,2,0,0,0,0.0,0.0
42,775,1,0,0,0,0.0,0.0
43,39,2,0,0,0,0.0,0.0
43,467,4,0,0,0,0.0,0.0
43,468,4,0,0,0,0.0,0.0
43,469,4,0,0,0,0.0,0.0
43,503,2,0,0,0,0.0,0.0
43,775,2,0,0,0,0.0,0.0
44,302,2,0,0,0,0.0,0.0
44,436,2,0,0,0,0.0,0.0
44,437,1,0,0,0,0.0,0.0
45,305,3,0,0,0,0.0,0.0
45,308,2,0,0,0,0.0,0.0
45,338,2,0,0,0,0.0,0.0
45,481,2,0,0,0,0.0,0.0
45,570,3,0,0,0,0.0,0.0
45,572,2,0,0,0,0.0,0.0
45,629,2,0,0,0,0.0,0.0
45,663,2,0,0,0,0.0,0.0
45,798,2,0,0,0,0.0,0.0
45,1185,2,0,0,0,0.0,0.0
45,1226,1,0,0,0,0.0,0.0
45,1355,1,0,0,0,0.0,0.0
46,84,1,0,0,0,0.0,0.0
46,123,1,0,0,0,0.0,0.0
46,305,3,0,0,0,0.0,0.0
46,338,2,0,0,0,0.0,0.0
46,344,2,0,0,0,0.0,0.0
46,481,2,0,0,0,0.0,0.0
46,570,2,0,0,0,0.0,0.0
46,572,1,0,0,0,0.0,0.0
46,623,2,0,0,0,0.0,0.0
46,629,1,0,0,0,0.0,0.0
46,663,1,0,0,0,0.0,0.0
46,798,2,0,0,0,0.0,0.0
46,1185,1,0,0,0,0.0,0.0
46,1226,1,0,0,0,0.0,0.0
46,1355,1,0,0,0,0.0,0.0
47,304,3,0,0,0,0.0,0.0
47,305,2,0,0,0,0.0,0.0
47,306,3,0,0,0,0.0,0.0
47,307,3,0,0,0,0.0,0.0
47,308,1,0,0,0,0.0,0.0
47,309,3,0,0,0,0.0,0.0
47,310,3,0,0,0,0.0,0.0
47,570,3,0,0,0,0.0,0.0
47,572,3,0,0,0,0.0,0.0
47,629,2,0,0,0,0.0,0.0
47,663,2,0,0,0,0.0,0.0
47,798,2,0,0,0,0.0,0.0
47,1185,2,0,0,0,0.0,0.0
47,1355,2,0,0,0,0.0,0.0
48,187,1,0,0,0,0.0,0.0
48,265,1,0,0,0,0.0,0.0
48,311,2,0,0,0,0.0,0.0
48,314,1,0,0,0,0.0,0.0
48,315,1,0,0,0,0.0,0.0
48,316,2,0,0,0,0.0,0.0
48,439,3,0,0,0,0.0,0.0
48,440,2,0,0,0,0.0,0.0
48,794,1,0,0,0,0.0,0.0
48,797,2,0,0,0,0.0,0.0
48,798,2,0,0,0,0.0,0.0
49,320,2,0,0,0,0.0,0.0
49,478,1,0,0,0,0.0,0.0
50,21,1,0,0,0,0.0,0.0
50,22,1,0,0,0,0.0,0.0
50,94,1,0,0,0,0.0,0.0
50,306,1,0,0,0,0.0,0.0
50,326,3,0,0,0,0.0,0.0
50,629,3,0,0,0,0.0,0.0
51,23,3,0,0,0,0.0,0.0
51,63,1,0,0,0,0.0,0.0
51,94,4,0,0,0,0.0,0.0
51,105,3,0,0,0,0.0,0.0
51,192,2,0,0,0,0.0,0.0
51,261,1,0,0,0,0.0,0.0
51,326,1,0,0,0,0.0,0.0
51,381,3,0,0,0,0.0,0.0
51,494,3,0,0,0,0.0,0.0
51,629,3,0,0,0,0.0,0.0
52,21,3,0,0,0,0.0,0.0
52,22,3,0,0,0,0.0,0.0
52,306,3,0,0,0,0.0,0.0
52,326,1,0,0,0,0.0,0.0
53,33,2,0,0,0,0.0,0.0
53,208,1,0,0,0,0.0,0.0
53,296,2,0,0,0,0.0,0.0
53,297,1,0,0,0,0.0,0.0
53,298,1,0,0,0,0.0,0.0
53,299,1,0,0,0,0.0,0.0
53,446,1,0,0,0,0.0,0.0
53,447,1,0,0,0,0.0,0.0
53,448,1,0,0,0,0.0,0.0
53,449,1,0,0,0,0.0,0.0
54,24,2,0,0,0,0.0,0.0
54,84,3,0,0,0,0.0,0.0
54,101,2,0,0,0,0.0,0.0
54,294,2,0,0,0,0.0,0.0
54,364,2,0,0,0,0.0,0.0
54,365,2,0,0,0,0.0,0.0
54,560,2,0,0,0,0.0,0.0
54,628,1,0,0,0,0.0,0.0
54,661,1,0,0,0,0.0,0.0
55,16,3,0,0,0,0.0,0.0
55,255,2,0,0,0,0.0,0.0
55,271,2,0,0,0,0.0,0.0
55,375,3,0,0,0,0.0,0.0
55,376,1,0,0,0,0.0,0.0
55,377,1,0,0,0,0.0,0.0
55,378,2,0,0,0,0.0,0.0
55,460,3,0,0,0,0.0,0.0
55,502,2,0,0,0,0.0,0.0
55,562,3,0,0,0,0.0,0.0
56,14,1,0,0,0,0.0,0.0
56,379,1,0,0,0,0.0,0.0
56,380,3,0,0,0,0.0,0.0
56,643,1,0,0,0,0.0,0.0
56,686,1,0,0,0,0.0,0.0
56,705,1,0,0,0,0.0,0.0
56,749,2,0,0,0,0.0,0.0
56,779,1,0,0,0,0.0,0.0
56,780,1,0,0,0,0.0,0.0
56,1339,2,0,0,0,0.0,0.0
57,12,1,0,0,0,0.0,0.0
57,14,1,0,0,0,0.0,0.0
57,15,1,0,0,0,0.0,0.0
57,379,1,0,0,0,0.0,0.0
57,380,3,0,0,0,0.0,0.0
57,593,2,0,0,0,0.0,0.0
57,704,1,0,0,0,0.0,0.0
57,705,1,0,0,0,0.0,0.0
57,746,2,0,0,0,0.0,0.0
57,779,1,0,0,0,0.0,0.0
57,780,1,0,0,0,0.0,0.0
57,857,1,0,0,0,0.0,0.0
57,859,1,0,0,0,0.0,0.0
57,914,2,0,0,0,0.0,0.0
58,23,1,0,0,0,0.0,0.0
58,381,1,0,0,0,0.0,0.0
58,382,1,0,0,0,0.0,0.0
58,784,1,0,0,0,0.0,0.0
58,785,2,0,0,0,0.0,0.0
58,786,2,0,0,0,0.0,0.0
58,787,2,0,0,0,0.0,0.0
58,788,3,0,0,0,0.0,0.0
58,789,1,0,0,0,0.0,0.0
59,785,2,0,0,0,0.0,0.0
59,786,2,0,0,0,0.0,0.0
59,787,2,0,0,0,0.0,0.0
59,788,3,0,0,0,0.0,0.0
60,320,1,0,0,0,0.0,0.0
60,475,3,0,0,0,0.0,0.0
60,476,2,0,0,0,0.0,0.0
60,478,1,0,0,0,0.0,0.0
60,527,2,0,0,0,0.0,0.0
61,564,2,0,0,0,0.0,0.0
61,565,3,0,0,0,0.0,0.0
61,566,3,0,0,0,0.0,0.0
61,661,1,0,0,0,0.0,0.0
61,1159,2,0,0,0,0.0,0.0
62,566,4,0,0,0,0.0,0.0
62,567,3,0,0,0,0.0,0.0
62,1078,2,0,0,0,0.0,0.0
62,1081,2,0,0,0,0.0,0.0
62,1084,3,0,0,0,0.0,0.0
63,564,2,0,0,0,0.0,0.0
63,566,2,0,0,0,0.0,0.0
63,567,4,0,0,0,0.0,0.0
64,390,4,0,0,0,0.0,0.0
64,391,3,0,0,0,0.0,0.0
65,2,3,0,0,0,0.0,0.0
65,3,3,0,0,0,0.0,0.0
65,4,2,0,0,0,0.0,0.0
65,128,3,0,0,0,0.0,0.0
65,180,2,0,0,0,0.0,0.0
65,323,2,0,0,0,0.0,0.0
65,324,2,0,0,0,0.0,0.0
65,384,2,0,0,0,0.0,0.0
65,393,2,0,0,0,0.0,0.0
65,394,2,0,0,0,0.0,0.0
65,418,1,0,0,0,0.0,0.0
65,629,3,0,0,0,0.0,0.0
65,659,2,0,0,0,0.0,0.0
65,664,3,0,0,0,0.0,0.0
65,1302,2,0,0,0,0.0,0.0
66,180,2,0,0,0,0.0,0.0
66,629,3,0,0,0,0.0,0.0
66,659,2,0,0,0,0.0,0.0
66,660,2,0,0,0,0.0,0.0
66,664,3,0,0,0,0.0,0.0
67,2,4,0,0,0,0.0,0.0
67,3,4,0,0,0,0.0,0.0
67,4,2,0,0,0,0.0,0.0
67,128,4,0,0,0,0.0,0.0
67,180,4,0,0,0,0.0,0.0
67,323,2,0,0,0,0.0,0.0
67,324,2,0,0,0,0.0,0.0
67,389,2,0,0,0,0.0,0.0
67,393,2,0,0,0,0.0,0.0
67,394,2,0,0,0,0.0,0.0
67,629,3,0,0,0,0.0,0.0
67,659,2,0,0,0,0.0,0.0
67,664,3,0,0,0,0.0,0.0
67,1302,2,0,0,0,0.0,0.0
68,62,2,0,0,0,0.0,0.0
68,101,2,0,0,0,0.0,0.0
68,460,2,0,0,0,0.0,0.0
68,661,2,0,0,0,0.0,0.0
68,662,3,0,0,0,0.0,0.0
69,62,2,0,0,0,0.0,0.0
69,336,1,0,0,0,0.0,0.0
69,458,3,0,0,0,0.0,0.0
69,570,3,0,0,0,0.0,0.0
69,977,2,0,0,0,0.0,0.0
70,24,1,0,0,0,0.0,0.0
70,62,3,0,0,0,0.0,0.0
70,101,2,0,0,0,0.0,0.0
70,283,2,0,0,0,0.0,0.0
70,307,2,0,0,0,0.0,0.0
70,333,4,0,0,0,0.0,0.0
70,565,2,0,0,0,0.0,0.0
70,568,3,0,0,0,0.0,0.0
70,570,3,0,0,0,0.0,0.0
70,977,2,0,0,0,0.0,0.0
71,101,2,0,0,0,0.0,0.0
71,569,4,0,0,0,0.0,0.0
71,571,4,0,0,0,0.0,0.0
71,572,4,0,0,0,0.0,0.0
71,655,2,0,0,0,0.0,0.0
71,798,1,0,0,0,0.0,0.0
71,1213,2,0,0,0,0.0,0.0
71,1355,3,0,0,0,0.0,0.0
72,21,3,0,0,0,0.0,0.0
72,62,1,0,0,0,0.0,0.0
72,94,2,0,0,0,0.0,0.0
72,128,1,0,0,0,0.0,0.0
72,304,2,0,0,0,0.0,0.0
72,305,1,0,0,0,0.0,0.0
72,309,1,0,0,0,0.0,0.0
72,323,1,0,0,0,0.0,0.0
72,324,3,0,0,0,0.0,0.0
72,388,1,0,0,0,0.0,0.0
72,494,2,0,0,0,0.0,0.0
72,570,2,0,0,0,0.0,0.0
72,571,1,0,0,0,0.0,0.0
72,630,3,0,0,0,0.0,0.0
72,655,1,0,0,0,0.0,0.0
72,663,1,0,0,0,0.0,0.0
72,664,2,0,0,0,0.0,0.0
73,25,1,0,0,0,0.0,0.0
73,68,2,0,0,0,0.0,0.0
73,160,2,0,0,0,0.0,0.0
73,317,1,0,0,0,0.0,0.0
73,332,3,0,0,0,0.0,0.0
73,401,3,0,0,0,0.0,0.0
73,421,2,0,0,0,0.0,0.0
73,571,2,0,0,0,0.0,0.0
73,572,3,0,0,0,0.0,0.0
73,573,2,0,0,0,0.0,0.0
73,574,2,0,0,0,0.0,0.0
73,577,1,0,0,0,0.0,0.0
73,578,3,0,0,0,0.0,0.0
73,625,3,0,0,0,0.0,0.0
73,655,1,0,0,0,0.0,0.0
73,1198,1,0,0,0,0.0,0.0
73,1213,2,0,0,0,0.0,0.0
73,1252,2,0,0,0,0.0,0.0
73,1304,2,0,0,0,0.0,0.0
73,1355,1,0,0,0,0.0,0.0
74,317,1,0,0,0,0.0,0.0
74,574,1,0,0,0,0.0,0.0
74,575,2,0,0,0,0.0,0.0
74,576,3,0,0,0,0.0,0.0
74,578,1,0,0,0,0.0,0.0
74,656,3,0,0,0,0.0,0.0
75,324,2,0,0,0,0.0,0.0
75,378,2,0,0,0,0.0,0.0
75,666,2,0,0,0,0.0,0.0
75,667,3,0,0,0,0.0,0.0
75,670,2,0,0,0,0.0,0.0
76,324,2,0,0,0,0.0,0.0
76,329,2,0,0,0,0.0,0.0
76,378,3,0,0,0,0.0,0.0
76,666,2,0,0,0,0.0,0.0
76,667,3,0,0,0,0.0,0.0
76,670,2,0,0,0,0.0,0.0
76,1391,2,0,0,0,0.0,0.0
77,329,1,0,0,0,0.0,0.0
77,666,2,0,0,0,0.0,0.0
77,667,2,0,0,0,0.0,0.0
77,668,3,0,0,0,0.0,0.0
77,670,2,0,0,0,0.0,0.0
77,1391,1,0,0,0,0.0,0.0
78,588,3,0,0,0,0.0,0.0
78,589,2,0,0,0,0.0,0.0
78,590,2,0,0,0,0.0,0.0
79,597,2,0,0,0,0.0,0.0
79,598,2,0,0,0,0.0,0.0
79,688,1,0,0,0,0.0,0.0
79,708,1,0,0,0,0.0,0.0
79,713,1,0,0,0,0.0,0.0
80,594,4,0,0,0,0.0,0.0
80,596,2,0,0,0,0.0,0.0
80,597,4,0,0,0,0.0,0.0
80,598,2,0,0,0,0.0,0.0
81,672,4,0,0,0,0.0,0.0
81,799,1,0,0,0,0.0,0.0
82,205,2,0,0,0,0.0,0.0
82,676,3,0,0,0,0.0,0.0
82,677,3,0,0,0,0.0,0.0
82,678,2,0,0,0,0.0,0.0
82,679,2,0,0,0,0.0,0.0
83,680,3,0,0,0,0.0,0.0
83,681,3,0,0,0,0.0,0.0
83,682,3,0,0,0,0.0,0.0
83,683,3,0,0,0,0.0,0.0
84,142,2,0,0,0,0.0,0.0
84,294,2,0,0,0,0.0,0.0
84,354,1,0,0,0,0.0,0.0
84,406,3,0,0,0,0.0,0.0
84,522,1,0,0,0,0.0,0.0
84,606,3,0,0,0,0.0,0.0
84,608,2,0,0,0,0.0,0.0
84,873,1,0,0,0,0.0,0.0
84,962,2,0,0,0,0.0,0.0
84,1192,2,0,0,0,0.0,0.0
84,1213,2,0,0,0,0.0,0.0
85,406,3,0,0,0,0.0,0.0
85,606,2,0,0,0,0.0,0.0
85,608,4,0,0,0,0.0,0.0
85,710,2,0,0,0,0.0,0.0
86,594,2,0,0,0,0.0,0.0
86,790,2,0,0,0,0.0,0.0
87,50,1,0,0,0,0.0,0.0
87,236,1,0,0,0,0.0,0.0
87,406,1,0,0,0,0.0,0.0
87,562,2,0,0,0,0.0,0.0
87,606,3,0,0,0,0.0,0.0
87,609,1,0,0,0,0.0,0.0
87,611,3,0,0,0,0.0,0.0
87,612,1,0,0,0,0.0,0.0
88,613,3,0,0,0,0.0,0.0
88,614,3,0,0,0,0.0,0.0
88,615,3,0,0,0,0.0,0.0
88,616,2,0,0,0,0.0,0.0
88,617,2,0,0,0,0.0,0.0
88,618,1,0,0,0,0.0,0.0
89,420,1,0,0,0,0.0,0.0
89,793,3,0,0,0,0.0,0.0
89,794,3,0,0,0,0.0,0.0
89,795,1,0,0,0,0.0,0.0
89,796,1,0,0,0,0.0,0.0
89,797,2,0,0,0,0.0,0.0
90,256,3,0,0,0,0.0,0.0
90,291,2,0,0,0,0.0,0.0
90,311,2,0,0,0,0.0,0.0
90,335,2,0,0,0,0.0,0.0
90,793,2,0,0,0,0.0,0.0
90,794,3,0,0,0,0.0,0.0
90,796,2,0,0,0,0.0,0.0
90,797,3,0,0,0,0.0,0.0
90,798,3,0,0,0,0.0,0.0
90,800,1,0,0,0,0.0,0.0
90,1187,1,0,0,0,0.0,0.0
90,1364,2,0,0,0,0.0,0.0
90,1367,1,0,0,0,0.0,0.0
91,252,3,0,0,0,0.0,0.0
91,672,1,0,0,0,0.0,0.0
91,793,1,0,0,0,0.0,0.0
91,794,1,0,0,0,0.0,0.0
91,797,2,0,0,0,0.0,0.0
91,799,2,0,0,0,0.0,0.0
91,800,2,0,0,0,0.0,0.0
91,801,3,0,0,0,0.0,0.0
91,1154,2,0,0,0,0.0,0.0
92,253,2,0,0,0,0.0,0.0
92,802,3,0,0,0,0.0,0.0
92,803,3,0,0,0,0.0,0.0
92,804,1,0,0,0,0.0,0.0
92,805,1,0,0,0,0.0,0.0
92,806,1,0,0,0,0.0,0.0
92,807,1,0,0,0,0.0,0.0
92,808,2,0,0,0,0.0,0.0
92,809,2,0,0,0,0.0,0.0
92,810,1,0,0,0,0.0,0.0
92,811,2,0,0,0,0.0,0.0
92,1243,1,0,0,0,0.0,0.0
92,1247,2,0,0,0,0.0,0.0
93,691,2,0,0,0,0.0,0.0
94,24,4,0,0,0,0.0,0.0
94,101,1,0,0,0,0.0,0.0
94,283,2,0,0,0,0.0,0.0
94,294,2,0,0,0,0.0,0.0
94,354,1,0,0,0,0.0,0.0
94,559,2,0,0,0,0.0,0.0
94,689,1,0,0,0,0.0,0.0
94,690,1,0,0,0,0.0,0.0
94,1104,1,0,0,0,0.0,0.0
94,1161,1,0,0,0,0.0,0.0
94,1393,2,0,0,0,0.0,0.0
94,1395,1,0,0,0,0.0,0.0
95,283,4,0,0,0,0.0,0.0
95,662,1,0,0,0,0.0,0.0
96,698,1,0,0,0,0.0,0.0
96,699,1,0,0,0,0.0,0.0
96,700,1,0,0,0,0.0,0.0
96,701,1,0,0,0,0.0,0.0
96,702,1,0,0,0,0.0,0.0
96,703,2,0,0,0,0.0,0.0
96,704,2,0,0,0,0.0,0.0
96,705,2,0,0,0,0.0,0.0
96,706,1,0,0,0,0.0,0.0
96,779,2,0,0,0,0.0,0.0
96,792,1,0,0,0,0.0,0.0
96,1289,2,0,0,0,0.0,0.0
96,1339,1,0,0,0,0.0,0.0
97,681,2,0,0,0,0.0,0.0
97,698,1,0,0,0,0.0,0.0
97,699,2,0,0,0,0.0,0.0
97,700,2,0,0,0,0.0,0.0
97,701,2,0,0,0,0.0,0.0
97,702,2,0,0,0,0.0,0.0
97,703,2,0,0,0,0.0,0.0
97,779,2,0,0,0,0.0,0.0
97,1289,1,0,0,0,0.0,0.0
97,1339,1,0,0,0,0.0,0.0
98,708,1,0,0,0,0.0,0.0
98,709,1,0,0,0,0.0,0.0
98,711,1,0,0,0,0.0,0.0
98,712,1,0,0,0,0.0,0.0
98,713,3,0,0,0,0.0,0.0
99,717,3,0,0,0,0.0,0.0
99,719,3,0,0,0,0.0,0.0
99,1001,2,0,0,0,0.0,0.0
99,1379,2,0,0,0,0.0,0.0
100,820,2,0,0,0,0.0,0.0
100,821,3,0,0,0,0.0,0.0
100,822,3,0,0,0,0.0,0.0
100,823,2,0,0,0,0.0,0.0
100,824,3,0,0,0,0.0,0.0
100,825,2,0,0,0,0.0,0.0
100,1051,2,0,0,0,0.0,0.0
100,1121,2,0,0,0,0.0,0.0
100,1122,3,0,0,0,0.0,0.0
101,817,3,0,0,0,0.0,0.0
101,818,3,0,0,0,0.0,0.0
101,819,3,0,0,0,0.0,0.0
101,820,2,0,0,0,0.0,0.0
101,824,3,0,0,0,0.0,0.0
101,825,2,0,0,0,0.0,0.0
102,728,4,0,0,0,0.0,0.0
102,910,2,0,0,0,0.0,0.0
102,911,1,0,0,0,0.0,0.0
102,913,3,0,0,0,0.0,0.0
103,826,2,0,0,0,0.0,0.0
103,828,2,0,0,0,0.0,0.0
104,833,2,0,0,0,0.0,0.0
104,834,2,0,0,0,0.0,0.0
104,835,2,0,0,0,0.0,0.0
104,836,2,0,0,0,0.0,0.0
104,837,2,0,0,0,0.0,0.0
105,844,1,0,0,0,0.0,0.0
105,845,1,0,0,0,0.0,0.0
105,846,1,0,0,0,0.0,0.0
105,847,1,0,0,0,0.0,0.0
105,848,2,0,0,0,0.0,0.0
106,844,1,0,0,0,0.0,0.0
106,845,1,0,0,0,0.0,0.0
106,846,2,0,0,0,0.0,0.0
106,847,3,0,0,0,0.0,0.0
106,849,2,0,0,0,0.0,0.0
107,75,1,0,0,0,0.0,0.0
107,720,1,0,0,0,0.0,0.0
107,725,3,0,0,0,0.0,0.0
107,728,3,0,0,0,0.0,0.0
107,729,2,0,0,0,0.0,0.0
107,909,1,0,0,0,0.0,0.0
107,911,2,0,0,0,0.0,0.0
108,75,2,0,0,0,0.0,0.0
108,720,1,0,0,0,0.0,0.0
108,723,1,0,0,0,0.0,0.0
108,724,3,0,0,0,0.0,0.0
108,726,3,0,0,0,0.0,0.0
108,727,3,0,0,0,0.0,0.0
108,909,2,0,0,0,0.0,0.0
109,12,2,0,0,0,0.0,0.0
109,606,2,0,0,0,0.0,0.0
109,860,4,0,0,0,0.0,0.0
109,861,4,0,0,0,0.0,0.0
109,980,2,0,0,0,0.0,0.0
110,31,2,0,0,0,0.0,0.0
110,862,4,0,0,0,0.0,0.0
110,863,4,0,0,0,0.0,0.0
110,1174,1,0,0,0,0.0,0.0
111,15,3,0,0,0,0.0,0.0
111,391,3,0,0,0,0.0,0.0
111,392,2,0,0,0,0.0,0.0
111,627,2,0,0,0,0.0,0.0
111,658,2,0,0,0,0.0,0.0
111,864,3,0,0,0,0.0,0.0
111,914,2,0,0,0,0.0,0.0
112,730,1,0,0,0,0.0,0.0
112,731,2,0,0,0,0.0,0.0
113,265,2,0,0,0,0.0,0.0
113,746,2,0,0,0,0.0,0.0
113,748,2,0,0,0,0.0,0.0
113,749,2,0,0,0,0.0,0.0
114,916,3,0,0,0,0.0,0.0
114,919,4,0,0,0,0.0,0.0
114,920,2,0,0,0,0.0,0.0
114,921,2,0,0,0,0.0,0.0
115,51,3,0,0,0,0.0,0.0
115,185,3,0,0,0,0.0,0.0
115,874,1,0,0,0,0.0,0.0
115,878,2,0,0,0,0.0,0.0
116,360,2,0,0,0,0.0,0.0
116,492,1,0,0,0,0.0,0.0
116,605,2,0,0,0,0.0,0.0
116,922,4,0,0,0,0.0,0.0
116,927,2,0,0,0,0.0,0.0
117,360,3,0,0,0,0.0,0.0
117,605,2,0,0,0,0.0,0.0
118,923,3,0,0,0,0.0,0.0
118,924,2,0,0,0,0.0,0.0
118,925,2,0,0,0,0.0,0.0
119,926,1,0,0,0,0.0,0.0
120,829,3,0,0,0,0.0,0.0
120,885,2,0,0,0,0.0,0.0
120,886,2,0,0,0,0.0,0.0
120,887,3,0,0,0,0.0,0.0
120,888,2,0,0,0,0.0,0.0
120,889,1,0,0,0,0.0,0.0
120,890,3,0,0,0,0.0,0.0
120,891,2,0,0,0,0.0,0.0
120,1146,3,0,0,0,0.0,0.0
121,885,4,0,0,0,0.0,0.0
121,886,4,0,0,0,0.0,0.0
121,887,4,0,0,0,0.0,0.0
121,888,4,0,0,0,0.0,0.0
121,890,4,0,0,0,0.0,0.0
121,891,4,0,0,0,0.0,0.0
121,1146,3,0,0,0,0.0,0.0
122,931,1,0,0,0,0.0,0.0
122,932,3,0,0,0,0.0,0.0
122,934,1,0,0,0,0.0,0.0
122,935,1,0,0,0,0.0,0.0
122,936,3,0,0,0,0.0,0.0
122,937,3,0,0,0,0.0,0.0
122,938,3,0,0,0,0.0,0.0
122,957,2,0,0,0,0.0,0.0
122,1131,2,0,0,0,0.0,0.0
123,966,3,0,0,0,0.0,0.0
123,967,2,0,0,0,0.0,0.0
124,964,2,0,0,0,0.0,0.0
124,965,2,0,0,0,0.0,0.0
124,967,3,0,0,0,0.0,0.0
124,968,3,0,0,0,0.0,0.0
125,173,2,0,0,0,0.0,0.0
125,174,3,0,0,0,0.0,0.0
125,176,2,0,0,0,0.0,0.0
125,177,1,0,0,0,0.0,0.0
125,187,2,0,0,0,0.0,0.0
125,409,2,0,0,0,0.0,0.0
125,946,2,0,0,0,0.0,0.0
125,969,3,0,0,0,0.0,0.0
125,970,3,0,0,0,0.0,0.0
125,971,3,0,0,0,0.0,0.0
125,972,3,0,0,0,0.0,0.0
125,973,2,0,0,0,0.0,0.0
125,974,1,0,0,0,0.0,0.0
125,992,2,0,0,0,0.0,0.0
125,994,2,0,0,0,0.0,0.0
125,995,2,0,0,0,0.0,0.0
125,997,3,0,0,0,0.0,0.0
126,187,2,0,0,0,0.0,0.0
126,969,2,0,0,0,0.0,0.0
126,970,2,0,0,0,0.0,0.0
126,971,2,0,0,0,0.0,0.0
126,972,2,0,0,0,0.0,0.0
126,973,2,0,0,0,0.0,0.0
126,974,3,0,0,0,0.0,0.0
126,1326,3,0,0,0,0.0,0.0
127,101,3,0,0,0,0.0,0.0
127,164,3,0,0,0,0.0,0.0
127,981,2,0,0,0,0.0,0.0
127,982,1,0,0,0,0.0,0.0
127,983,1,0,0,0,0.0,0.0
128,985,2,0,0,0,0.0,0.0
128,990,2,0,0,0,0.0,0.0
129,984,2,0,0,0,0.0,0.0
129,985,3,0,0,0,0.0,0.0
129,986,1,0,0,0,0.0,0.0
129,987,3,0,0,0,0.0,0.0
129,988,2,0,0,0,0.0,0.0
129,989,2,0,0,0,0.0,0.0
129,990,2,0,0,0,0.0,0.0
130,12,2,0,0,0,0.0,0.0
130,766,3,0,0,0,0.0,0.0
130,858,2,0,0,0,0.0,0.0
130,859,2,0,0,0,0.0,0.0
130,1008,2,0,0,0,0.0,0.0
131,1012,1,0,0,0,0.0,0.0
131,1013,2,0,0,0,0.0,0.0
131,1014,3,0,0,0,0.0,0.0
131,1016,2,0,0,0,0.0,0.0
131,1017,2,0,0,0,0.0,0.0
131,1018,2,0,0,0,0.0,0.0
131,1019,2,0,0,0,0.0,0.0
131,1020,3,0,0,0,0.0,0.0
132,951,2,0,0,0,0.0,0.0
132,952,1,0,0,0,0.0,0.0
132,1012,1,0,0,0,0.0,0.0
132,1013,2,0,0,0,0.0,0.0
132,1014,4,0,0,0,0.0,0.0
132,1015,2,0,0,0,0.0,0.0
132,1016,2,0,0,0,0.0,0.0
132,1017,2,0,0,0,0.0,0.0
132,1018,1,0,0,0,0.0,0.0
132,1019,1,0,0,0,0.0,0.0
132,1020,1,0,0,0,0.0,0.0
132,1023,2,0,0,0,0.0,0.0
132,1024,1,0,0,0,0.0,0.0
132,1025,2,0,0,0,0.0,0.0
132,1026,2,0,0,0,0.0,0.0
133,1012,1,0,0,0,0.0,0.0
133,1016,1,0,0,0,0.0,0.0
133,1018,3,0,0,0,0.0,0.0
133,1019,3,0,0,0,0.0,0.0
133,1020,4,0,0,0,0.0,0.0
133,1022,1,0,0,0,0.0,0.0
133,1024,2,0,0,0,0.0,0.0
134,1027,3,0,0,0,0.0,0.0
134,1028,2,0,0,0,0.0,0.0
135,950,1,0,0,0,0.0,0.0
135,1016,1,0,0,0,0.0,0.0
135,1017,1,0,0,0,0.0,0.0
135,1018,4,0,0,0,0.0,0.0
135,1023,1,0,0,0,0.0,0.0
135,1024,1,0,0,0,0.0,0.0
135,1025,1,0,0,0,0.0,0.0
135,1026,1,0,0,0,0.0,0.0
136,1021,4,0,0,0,0.0,0.0
136,1022,1,0,0,0,0.0,0.0
136,1034,1,0,0,0,0.0,0.0
137,951,2,0,0,0,0.0,0.0
137,1021,2,0,0,0,0.0,0.0
137,1029,3,0,0,0,0.0,0.0
137,1034,2,0,0,0,0.0,0.0
138,846,4,0,0,0,0.0,0.0
138,1036,4,0,0,0,0.0,0.0
139,1031,3,0,0,0,0.0,0.0
139,1032,3,0,0,0,0.0,0.0
139,1035,3,0,0,0,0.0,0.0
139,1037,1,0,0,0,0.0,0.0
140,1038,4,0,0,0,0.0,0.0
140,1039,4,0,0,0,0.0,0.0
140,1041,3,0,0,0,0.0,0.0
140,1042,3,0,0,0,0.0,0.0
140,1043,1,0,0,0,0.0,0.0
140,1044,1,0,0,0,0.0,0.0
141,1038,4,0,0,0,0.0,0.0
141,1039,2,0,0,0,0.0,0.0
141,1041,4,0,0,0,0.0,0.0
141,1042,2,0,0,0,0.0,0.0
141,1043,3,0,0,0,0.0,0.0
141,1044,3,0,0,0,0.0,0.0
142,1042,4,0,0,0,0.0,0.0
143,1043,4,0,0,0,0.0,0.0
143,1044,4,0,0,0,0.0,0.0
144,763,2,0,0,0,0.0,0.0
144,838,2,0,0,0,0.0,0.0
144,839,2,0,0,0,0.0,0.0
144,840,3,0,0,0,0.0,0.0
144,841,2,0,0,0,0.0,0.0
144,1045,3,0,0,0,0.0,0.0
145,743,2,0,0,0,0.0,0.0
145,763,3,0,0,0,0.0,0.0
145,838,3,0,0,0,0.0,0.0
145,839,3,0,0,0,0.0,0.0
145,841,3,0,0,0,0.0,0.0
145,852,1,0,0,0,0.0,0.0
145,1045,2,0,0,0,0.0,0.0
146,840,4,0,0,0,0.0,0.0
146,1045,2,0,0,0,0.0,0.0
147,822,1,0,0,0,0.0,0.0
147,843,2,0,0,0,0.0,0.0
147,889,2,0,0,0,0.0,0.0
147,926,1,0,0,0,0.0,0.0
147,1046,2,0,0,0,0.0,0.0
147,1047,1,0,0,0,0.0,0.0
147,1048,2,0,0,0,0.0,0.0
147,1049,1,0,0,0,0.0,0.0
147,1050,2,0,0,0,0.0,0.0
147,1051,1,0,0,0,0.0,0.0
148,843,2,0,0,0,0.0,0.0
148,889,3,0,0,0,0.0,0.0
148,1046,2,0,0,0,0.0,0.0
148,1048,3,0,0,0,0.0,0.0
148,1049,2,0,0,0,0.0,0.0
148,1050,3,0,0,0,0.0,0.0
149,930,2,0,0,0,0.0,0.0
149,931,2,0,0,0,0.0,0.0
149,934,2,0,0,0,0.0,0.0
149,936,2,0,0,0,0.0,0.0
149,937,2,0,0,0,0.0,0.0
149,938,2,0,0,0,0.0,0.0
149,1052,1,0,0,0,0.0,0.0
149,1057,2,0,0,0,0.0,0.0
149,1058,2,0,0,0,0.0,0.0
149,1059,2,0,0,0,0.0,0.0
149,1131,2,0,0,0,0.0,0.0
150,1074,2,0,0,0,0.0,0.0
150,1075,2,0,0,0,0.0,0.0
151,687,3,0,0,0,0.0,0.0
151,1074,2,0,0,0,0.0,0.0
151,1075,1,0,0,0,0.0,0.0
151,1076,3,0,0,0,0.0,0.0
151,1077,1,0,0,0,0.0,0.0
152,569,2,0,0,0,0.0,0.0
152,572,2,0,0,0,0.0,0.0
152,655,2,0,0,0,0.0,0.0
152,687,1,0,0,0,0.0,0.0
152,1076,4,0,0,0,0.0,0.0
152,1077,2,0,0,0,0.0,0.0
153,1078,2,0,0,0,0.0,0.0
153,1080,1,0,0,0,0.0,0.0
153,1081,1,0,0,0,0.0,0.0
153,1082,1,0,0,0,0.0,0.0
153,1083,2,0,0,0,0.0,0.0
153,1084,2,0,0,0,0.0,0.0
153,1085,2,0,0,0,0.0,0.0
154,1087,3,0,0,0,0.0,0.0
154,1088,2,0,0,0,0.0,0.0
155,983,2,0,0,0,0.0,0.0
155,1099,1,0,0,0,0.0,0.0
155,1100,3,0,0,0,0.0,0.0
155,1101,2,0,0,0,0.0,0.0
155,1103,4,0,0,0,0.0,0.0
155,1104,2,0,0,0,0.0,0.0
156,82,2,0,0,0,0.0,0.0
156,274,3,0,0,0,0.0,0.0
156,553,3,0,0,0,0.0,0.0
156,982,1,0,0,0,0.0,0.0
156,983,4,0,0,0,0.0,0.0
156,1096,2,0,0,0,0.0,0.0
156,1097,3,0,0,0,0.0,0.0
156,1098,2,0,0,0,0.0,0.0
156,1099,2,0,0,0,0.0,0.0
156,1100,3,0,0,0,0.0,0.0
156,1101,2,0,0,0,0.0,0.0
156,1102,4,0,0,0,0.0,0.0
156,1103,1,0,0,0,0.0,0.0
156,1104,4,0,0,0,0.0,0.0
157,19,2,0,0,0,0.0,0.0
157,25,3,0,0,0,0.0,0.0
157,35,2,0,0,0,0.0,0.0
157,36,2,0,0,0,0.0,0.0
157,44,2,0,0,0,0.0,0.0
157,93,2,0,0,0,0.0,0.0
157,122,1,0,0,0,0.0,0.0
157,160,2,0,0,0,0.0,0.0
157,161,2,0,0,0,0.0,0.0
157,215,2,0,0,0,0.0,0.0
157,273,3,0,0,0,0.0,0.0
157,302,2,0,0,0,0.0,0.0
157,318,2,0,0,0,0.0,0.0
157,354,2,0,0,0,0.0,0.0
157,369,2,0,0,0,0.0,0.0
157,370,2,0,0,0,0.0,0.0
157,372,3,0,0,0,0.0,0.0
157,410,3,0,0,0,0.0,0.0
157,421,2,0,0,0,0.0,0.0
157,423,2,0,0,0,0.0,0.0
157,456,3,0,0,0,0.0,0.0
157,482,2,0,0,0,0.0,0.0
157,556,3,0,0,0,0.0,0.0
157,557,2,0,0,0,0.0,0.0
157,572,2,0,0,0,0.0,0.0
157,605,2,0,0,0,0.0,0.0
157,626,3,0,0,0,0.0,0.0
157,655,2,0,0,0,0.0,0.0
157,657,2,0,0,0,0.0,0.0
157,666,1,0,0,0,0.0,0.0
157,689,2,0,0,0,0.0,0.0
157,1011,2,0,0,0,0.0,0.0
157,1105,3,0,0,0,0.0,0.0
157,1106,3,0,0,0,0.0,0.0
157,1107,3,0,0,0,0.0,0.0
157,1151,3,0,0,0,0.0,0.0
157,1304,2,0,0,0,0.0,0.0
157,1307,2,0,0,0,0.0,0.0
157,1355,1,0,0,0,0.0,0.0
158,273,1,0,0,0,0.0,0.0
158,302,4,0,0,0,0.0,0.0
158,552,3,0,0,0,0.0,0.0
158,556,1,0,0,0,0.0,0.0
158,998,2,0,0,0,0.0,0.0
158,1009,2,0,0,0,0.0,0.0
158,1010,2,0,0,0,0.0,0.0
158,1011,4,0,0,0,0.0,0.0
159,231,2,0,0,0,0.0,0.0
159,234,2,0,0,0,0.0,0.0
159,1108,2,0,0,0,0.0,0.0
159,1110,2,0,0,0,0.0,0.0
159,1111,2,0,0,0,0.0,0.0
159,1112,2,0,0,0,0.0,0.0
159,1114,1,0,0,0,0.0,0.0
159,1115,1,0,0,0,0.0,0.0
160,1134,2,0,0,0,0.0,0.0
160,1135,1,0,0,0,0.0,0.0
160,1136,1,0,0,0,0.0,0.0
160,1137,2,0,0,0,0.0,0.0
160,1138,2,0,0,0,0.0,0.0
161,54,3,0,0,0,0.0,0.0
161,55,1,0,0,0,0.0,0.0
161,336,2,0,0,0,0.0,0.0
161,562,2,0,0,0,0.0,0.0
161,996,1,0,0,0,0.0,0.0
161,1386,3,0,0,0,0.0,0.0
162,54,2,0,0,0,0.0,0.0
162,111,4,0,0,0,0.0,0.0
162,155,4,0,0,0,0.0,0.0
162,458,4,0,0,0,0.0,0.0
162,459,4,0,0,0,0.0,0.0
162,460,3,0,0,0,0.0,0.0
162,461,3,0,0,0,0.0,0.0
162,562,2,0,0,0,0.0,0.0
163,20,2,0,0,0,0.0,0.0
163,56,2,0,0,0,0.0,0.0
163,57,2,0,0,0,0.0,0.0
164,311,3,0,0,0,0.0,0.0
164,316,1,0,0,0,0.0,0.0
164,335,1,0,0,0,0.0,0.0
164,415,2,0,0,0,0.0,0.0
164,416,2,0,0,0,0.0,0.0
164,798,2,0,0,0,0.0,0.0
164,1364,2,0,0,0,0.0,0.0
164,1367,2,0,0,0,0.0,0.0
165,71,4,0,0,0,0.0,0.0
165,72,4,0,0,0,0.0,0.0
166,40,3,0,0,0,0.0,0.0
166,41,3,0,0,0,0.0,0.0
166,74,3,0,0,0,0.0,0.0
166,170,3,0,0,0,0.0,0.0
166,207,3,0,0,0,0.0,0.0
166,272,3,0,0,0,0.0,0.0
166,418,3,0,0,0,0.0,0.0
166,1264,3,0,0,0,0.0,0.0
167,82,2,0,0,0,0.0,0.0
167,274,3,0,0,0,0.0,0.0
168,217,4,0,0,0,0.0,0.0
168,774,4,0,0,0,0.0,0.0
169,118,4,0,0,0,0.0,0.0
169,157,4,0,0,0,0.0,0.0
169,774,4,0,0,0,0.0,0.0
169,775,4,0,0,0,0.0,0.0
170,139,3,0,0,0,0.0,0.0
170,238,3,0,0,0,0.0,0.0
170,239,2,0,0,0,0.0,0.0
170,672,2,0,0,0,0.0,0.0
170,904,2,0,0,0,0.0,0.0
170,906,2,0,0,0,0.0,0.0
171,141,1,0,0,0,0.0,0.0
171,252,4,0,0,0,0.0,0.0
171,431,4,0,0,0,0.0,0.0
172,320,4,0,0,0,0.0,0.0
172,321,4,0,0,0,0.0,0.0
172,322,2,0,0,0,0.0,0.0
172,476,2,0,0,0,0.0,0.0
173,367,4,0,0,0,0.0,0.0
173,451,4,0,0,0,0.0,0.0
174,36,3,0,0,0,0.0,0.0
174,58,4,0,0,0,0.0,0.0
174,411,4,0,0,0,0.0,0.0
174,423,1,0,0,0,0.0,0.0
174,482,4,0,0,0,0.0,0.0
175,351,3,0,0,0,0.0,0.0
175,964,2,0,0,0,0.0,0.0
175,965,2,0,0,0,0.0,0.0
175,966,3,0,0,0,0.0,0.0
175,967,3,0,0,0,0.0,0.0
176,582,4,0,0,0,0.0,0.0
176,583,4,0,0,0,0.0,0.0
176,584,2,0,0,0,0.0,0.0
176,585,2,0,0,0,0.0,0.0
176,586,4,0,0,0,0.0,0.0
176,978,1,0,0,0,0.0,0.0
176,982,4,0,0,0,0.0,0.0
177,588,3,0,0,0,0.0,0.0
177,589,3,0,0,0,0.0,0.0
177,590,1,0,0,0,0.0,0.0
177,592,2,0,0,0,0.0,0.0
177,772,2,0,0,0,0.0,0.0
178,588,1,0,0,0,0.0,0.0
178,589,1,0,0,0,0.0,0.0
178,590,2,0,0,0,0.0,0.0
178,591,4,0,0,0,0.0,0.0
179,680,2,0,0,0,0.0,0.0
179,681,2,0,0,0,0.0,0.0
179,682,2,0,0,0,0.0,0.0
179,683,2,0,0,0,0.0,0.0
180,616,1,0,0,0,0.0,0.0
180,617,1,0,0,0,0.0,0.0
180,619,2,0,0,0,0.0,0.0
180,620,2,0,0,0,0.0,0.0
180,621,2,0,0,0,0.0,0.0
180,622,3,0,0,0,0.0,0.0
180,1150,1,0,0,0,0.0,0.0
181,409,3,0,0,0,0.0,0.0
181,973,3,0,0,0,0.0,0.0
181,974,3,0,0,0,0.0,0.0
181,997,2,0,0,0,0.0,0.0
181,1061,2,0,0,0,0.0,0.0
182,685,4,0,0,0,0.0,0.0
182,686,2,0,0,0,0.0,0.0
183,253,2,0,0,0,0.0,0.0
183,802,3,0,0,0,0.0,0.0
183,803,4,0,0,0,0.0,0.0
183,804,1,0,0,0,0.0,0.0
183,805,1,0,0,0,0.0,0.0
183,806,1,0,0,0,0.0,0.0
183,807,2,0,0,0,0.0,0.0
183,808,4,0,0,0,0.0,0.0
183,809,4,0,0,0,0.0,0.0
183,810,1,0,0,0,0.0,0.0
183,811,2,0,0,0,0.0,0.0
183,1243,1,0,0,0,0.0,0.0
183,1247,1,0,0,0,0.0,0.0
184,32,2,0,0,0,0.0,0.0
184,67,2,0,0,0,0.0,0.0
184,499,2,0,0,0,0.0,0.0
184,715,2,0,0,0,0.0,0.0
184,716,2,0,0,0,0.0,0.0
184,717,1,0,0,0,0.0,0.0
184,1379,2,0,0,0,0.0,0.0
185,15,1,0,0,0,0.0,0.0
185,285,1,0,0,0,0.0,0.0
185,766,3,0,0,0,0.0,0.0
185,856,2,0,0,0,0.0,0.0
185,857,3,0,0,0,0.0,0.0
185,858,3,0,0,0,0.0,0.0
185,859,3,0,0,0,0.0,0.0
185,894,1,0,0,0,0.0,0.0
185,1008,2,0,0,0,0.0,0.0
186,161,1,0,0,0,0.0,0.0
186,225,2,0,0,0,0.0,0.0
186,421,1,0,0,0,0.0,0.0
186,923,2,0,0,0,0.0,0.0
186,924,2,0,0,0,0.0,0.0
186,1062,2,0,0,0,0.0,0.0
186,1074,2,0,0,0,0.0,0.0
186,1075,2,0,0,0,0.0,0.0
186,1280,2,0,0,0,0.0,0.0
186,1304,2,0,0,0,0.0,0.0
186,1305,2,0,0,0,0.0,0.0
186,1309,2,0,0,0,0.0,0.0
186,1377,1,0,0,0,0.0,0.0
186,1378,2,0,0,0,0.0,0.0
186,1379,1,0,0,0,0.0,0.0
186,1380,1,0,0,0,0.0,0.0
187,743,1,0,0,0,0.0,0.0
187,838,2,0,0,0,0.0,0.0
187,839,2,0,0,0,0.0,0.0
187,840,2,0,0,0,0.0,0.0
187,842,2,0,0,0,0.0,0.0
187,1045,2,0,0,0,0.0,0.0
188,75,2,0,0,0,0.0,0.0
188,721,3,0,0,0,0.0,0.0
188,722,3,0,0,0,0.0,0.0
188,723,3,0,0,0,0.0,0.0
188,724,1,0,0,0,0.0,0.0
188,725,3,0,0,0,0.0,0.0
188,726,1,0,0,0,0.0,0.0
188,728,3,0,0,0,0.0,0.0
188,729,3,0,0,0,0.0,0.0
188,909,2,0,0,0,0.0,0.0
188,911,3,0,0,0,0.0,0.0
189,395,3,0,0,0,0.0,0.0
189,865,2,0,0,0,0.0,0.0
189,866,3,0,0,0,0.0,0.0
189,867,1,0,0,0,0.0,0.0
189,868,2,0,0,0,0.0,0.0
189,869,3,0,0,0,0.0,0.0
189,870,2,0,0,0,0.0,0.0
189,872,2,0,0,0,0.0,0.0
189,873,2,0,0,0,0.0,0.0
190,15,4,0,0,0,0.0,0.0
190,285,3,0,0,0,0.0,0.0
190,390,2,0,0,0,0.0,0.0
190,391,4,0,0,0,0.0,0.0
190,864,2,0,0,0,0.0,0.0
191,15,2,0,0,0,0.0,0.0
191,285,3,0,0,0,0.0,0.0
191,390,1,0,0,0,0.0,0.0
191,391,2,0,0,0,0.0,0.0
191,658,2,0,0,0,0.0,0.0
191,856,2,0,0,0,0.0,0.0
191,857,3,0,0,0,0.0,0.0
191,858,3,0,0,0,0.0,0.0
191,864,2,0,0,0,0.0,0.0
191,914,4,0,0,0,0.0,0.0
191,915,4,0,0,0,0.0,0.0
191,948,2,0,0,0,0.0,0.0
191,1008,1,0,0,0,0.0,0.0
192,733,4,0,0,0,0.0,0.0
192,734,4,0,0,0,0.0,0.0
192,735,4,0,0,0,0.0,0.0
192,736,4,0,0,0,0.0,0.0
193,422,2,0,0,0,0.0,0.0
193,648,2,0,0,0,0.0,0.0
193,730,2,0,0,0,0.0,0.0
193,731,1,0,0,0,0.0,0.0
193,733,1,0,0,0,0.0,0.0
193,734,1,0,0,0,0.0,0.0
193,735,1,0,0,0,0.0,0.0
193,736,1,0,0,0,0.0,0.0
193,1392,2,0,0,0,0.0,0.0
194,739,3,0,0,0,0.0,0.0
194,740,3,0,0,0,0.0,0.0
194,741,1,0,0,0,0.0,0.0
194,742,3,0,0,0,0.0,0.0
194,743,3,0,0,0,0.0,0.0
194,744,2,0,0,0,0.0,0.0
195,739,2,0,0,0,0.0,0.0
195,742,2,0,0,0,0.0,0.0
195,743,2,0,0,0,0.0,0.0
196,12,1,0,0,0,0.0,0.0
196,13,2,0,0,0,0.0,0.0
196,51,3,0,0,0,0.0,0.0
196,185,3,0,0,0,0.0,0.0
196,202,2,0,0,0,0.0,0.0
196,746,2,0,0,0,0.0,0.0
196,874,3,0,0,0,0.0,0.0
196,875,3,0,0,0,0.0,0.0
196,876,3,0,0,0,0.0,0.0
196,878,2,0,0,0,0.0,0.0
196,879,2,0,0,0,0.0,0.0
196,880,2,0,0,0,0.0,0.0
197,881,3,0,0,0,0.0,0.0
197,883,2,0,0,0,0.0,0.0
197,884,2,0,0,0,0.0,0.0
198,843,2,0,0,0,0.0,0.0
198,887,3,0,0,0,0.0,0.0
198,888,3,0,0,0,0.0,0.0
198,889,3,0,0,0,0.0,0.0
199,743,3,0,0,0,0.0,0.0
199,744,3,0,0,0,0.0,0.0
199,1052,4,0,0,0,0.0,0.0
199,1053,4,0,0,0,0.0,0.0
199,1054,3,0,0,0,0.0,0.0
199,1055,3,0,0,0,0.0,0.0
199,1056,3,0,0,0,0.0,0.0
199,1060,3,0,0,0,0.0,0.0
200,1134,3,0,0,0,0.0,0.0
200,1137,3,0,0,0,0.0,0.0
200,1138,3,0,0,0,0.0,0.0
201,93,2,0,0,0,0.0,0.0
201,110,1,0,0,0,0.0,0.0
201,160,1,0,0,0,0.0,0.0
201,318,2,0,0,0,0.0,0.0
201,369,1,0,0,0,0.0,0.0
201,401,2,0,0,0,0.0,0.0
201,423,1,0,0,0,0.0,0.0
201,482,1,0,0,0,0.0,0.0
201,541,2,0,0,0,0.0,0.0
201,552,3,0,0,0,0.0,0.0
201,625,3,0,0,0,0.0,0.0
201,1151,2,0,0,0,0.0,0.0
201,1295,2,0,0,0,0.0,0.0
201,1296,3,0,0,0,0.0,0.0
201,1304,1,0,0,0,0.0,0.0
201,1391,1,0,0,0,0.0,0.0
202,48,1,0,0,0,0.0,0.0
202,232,1,0,0,0,0.0,0.0
202,602,1,0,0,0,0.0,0.0
202,603,1,0,0,0,0.0,0.0
202,604,1,0,0,0,0.0,0.0
202,605,2,0,0,0,0.0,0.0
202,1110,3,0,0,0,0.0,0.0
202,1303,3,0,0,0,0.0,0.0
202,1304,3,0,0,0,0.0,0.0
202,1305,1,0,0,0,0.0,0.0
202,1306,2,0,0,0,0.0,0.0
202,1308,2,0,0,0,0.0,0.0
202,1309,3,0,0,0,0.0,0.0
202,1310,1,0,0,0,0.0,0.0
203,19,2,0,0,0,0.0,0.0
203,58,2,0,0,0,0.0,0.0
203,122,2,0,0,0,0.0,0.0
203,232,1,0,0,0,0.0,0.0
203,323,1,0,0,0,0.0,0.0
203,602,1,0,0,0,0.0,0.0
203,603,1,0,0,0,0.0,0.0
203,604,1,0,0,0,0.0,0.0
203,688,1,0,0,0,0.0,0.0
203,1188,1,0,0,0,0.0,0.0
203,1305,2,0,0,0,0.0,0.0
203,1306,2,0,0,0,0.0,0.0
203,1307,2,0,0,0,0.0,0.0
203,1310,2,0,0,0,0.0,0.0
204,63,2,0,0,0,0.0,0.0
204,68,1,0,0,0,0.0,0.0
204,307,1,0,0,0,0.0,0.0
204,540,2,0,0,0,0.0,0.0
204,572,3,0,0,0,0.0,0.0
204,602,1,0,0,0,0.0,0.0
204,603,1,0,0,0,0.0,0.0
204,604,1,0,0,0,0.0,0.0
204,655,1,0,0,0,0.0,0.0
204,1188,1,0,0,0,0.0,0.0
204,1213,1,0,0,0,0.0,0.0
204,1305,1,0,0,0,0.0,0.0
204,1311,3,0,0,0,0.0,0.0
204,1355,1,0,0,0,0.0,0.0
205,1321,3,0,0,0,0.0,0.0
205,1322,3,0,0,0,0.0,0.0
206,1338,3,0,0,0,0.0,0.0
206,1340,2,0,0,0,0.0,0.0
206,1341,3,0,0,0,0.0,0.0
207,879,1,0,0,0,0.0,0.0
207,1338,3,0,0,0,0.0,0.0
207,1339,3,0,0,0,0.0,0.0
207,1340,2,0,0,0,0.0,0.0
207,1341,2,0,0,0,0.0,0.0
208,163,2,0,0,0,0.0,0.0
208,164,1,0,0,0,0.0,0.0
208,1344,2,0,0,0,0.0,0.0
208,1345,2,0,0,0,0.0,0.0
208,1346,2,0,0,0,0.0,0.0
208,1347,1,0,0,0,0.0,0.0
209,45,1,0,0,0,0.0,0.0
209,55,1,0,0,0,0.0,0.0
209,187,2,0,0,0,0.0,0.0
209,316,1,0,0,0,0.0,0.0
209,487,2,0,0,0,0.0,0.0
209,1106,1,0,0,0,0.0,0.0
209,1228,1,0,0,0,0.0,0.0
209,1350,2,0,0,0,0.0,0.0
209,1351,3,0,0,0,0.0,0.0
209,1356,3,0,0,0,0.0,0.0
209,1383,2,0,0,0,0.0,0.0
209,1385,2,0,0,0,0.0,0.0
210,891,2,0,0,0,0.0,0.0
210,1030,1,0,0,0,0.0,0.0
210,1171,3,0,0,0,0.0,0.0
210,1172,2,0,0,0,0.0,0.0
210,1173,2,0,0,0,0.0,0.0
210,1174,2,0,0,0,0.0,0.0
211,763,2,0,0,0,0.0,0.0
211,769,1,0,0,0,0.0,0.0
211,891,3,0,0,0,0.0,0.0
211,1030,1,0,0,0,0.0,0.0
211,1031,1,0,0,0,0.0,0.0
211,1033,1,0,0,0,0.0,0.0
211,1052,1,0,0,0,0.0,0.0
211,1068,1,0,0,0,0.0,0.0
211,1172,3,0,0,0,0.0,0.0
211,1173,2,0,0,0,0.0,0.0
211,1174,2,0,0,0,0.0,0.0
212,769,2,0,0,0,0.0,0.0
212,841,1,0,0,0,0.0,0.0
212,843,2,0,0,0,0.0,0.0
212,885,2,0,0,0,0.0,0.0
212,886,2,0,0,0,0.0,0.0
212,887,2,0,0,0,0.0,0.0
212,888,3,0,0,0,0.0,0.0
212,889,3,0,0,0,0.0,0.0
212,890,2,0,0,0,0.0,0.0
212,891,2,0,0,0,0.0,0.0
212,1173,2,0,0,0,0.0,0.0
212,1176,1,0,0,0,0.0,0.0
212,1177,1,0,0,0,0.0,0.0
212,1178,3,0,0,0,0.0,0.0
213,769,2,0,0,0,0.0,0.0
213,843,2,0,0,0,0.0,0.0
213,885,3,0,0,0,0.0,0.0
213,886,2,0,0,0,0.0,0.0
213,887,3,0,0,0,0.0,0.0
213,888,4,0,0,0,0.0,0.0
213,889,3,0,0,0,0.0,0.0
213,890,2,0,0,0,0.0,0.0
213,1173,2,0,0,0,0.0,0.0
213,1177,1,0,0,0,0.0,0.0
213,1178,2,0,0,0,0.0,0.0
214,833,2,0,0,0,0.0,0.0
214,1361,2,0,0,0,0.0,0.0
214,1362,2,0,0,0,0.0,0.0
214,1363,2,0,0,0,0.0,0.0
215,35,1,0,0,0,0.0,0.0
215,37,1,0,0,0,0.0,0.0
216,156,4,0,0,0,0.0,0.0
217,37,2,0,0,0,0.0,0.0
217,559,2,0,0,0,0.0,0.0
217,630,2,0,0,0,0.0,0.0
217,666,4,0,0,0,0.0,0.0
217,667,4,0,0,0,0.0,0.0
217,668,2,0,0,0,0.0,0.0
217,670,2,0,0,0,0.0,0.0
217,1107,2,0,0,0,0.0,0.0
217,1204,2,0,0,0,0.0,0.0
217,1213,2,0,0,0,0.0,0.0
217,1258,3,0,0,0,0.0,0.0
217,1300,2,0,0,0,0.0,0.0
217,1391,1,0,0,0,0.0,0.0
217,1394,3,0,0,0,0.0,0.0
217,1395,4,0,0,0,0.0,0.0
218,24,4,0,0,0,0.0,0.0
218,93,2,0,0,0,0.0,0.0
218,101,4,0,0,0,0.0,0.0
218,559,2,0,0,0,0.0,0.0
218,630,2,0,0,0,0.0,0.0
218,662,2,0,0,0,0.0,0.0
218,666,2,0,0,0,0.0,0.0
218,667,2,0,0,0,0.0,0.0
218,1104,2,0,0,0,0.0,0.0
218,1107,2,0,0,0,0.0,0.0
218,1204,2,0,0,0,0.0,0.0
218,1213,2,0,0,0,0.0,0.0
218,1258,1,0,0,0,0.0,0.0
218,1300,2,0,0,0,0.0,0.0
218,1393,4,0,0,0,0.0,0.0
219,559,2,0,0,0,0.0,0.0
219,630,2,0,0,0,0.0,0.0
219,662,2,0,0,0,0.0,0.0
219,666,3,0,0,0,0.0,0.0
219,667,3,0,0,0,0.0,0.0
219,1078,2,0,0,0,0.0,0.0
219,1080,2,0,0,0,0.0,0.0
219,1081,2,0,0,0,0.0,0.0
219,1107,2,0,0,0,0.0,0.0
219,1198,2,0,0,0,0.0,0.0
219,1204,2,0,0,0,0.0,0.0
219,1213,2,0,0,0,0.0,0.0
219,1214,2,0,0,0,0.0,0.0
219,1258,3,0,0,0,0.0,0.0
219,1300,2,0,0,0,0.0,0.0
219,1391,4,0,0,0,0.0,0.0
219,1394,3,0,0,0,0.0,0.0
219,1395,3,0,0,0,0.0,0.0
220,62,2,0,0,0,0.0,0.0
220,111,1,0,0,0,0.0,0.0
220,150,2,0,0,0,0.0,0.0
220,155,2,0,0,0,0.0,0.0
220,241,2,0,0,0,0.0,0.0
220,292,2,0,0,0,0.0,0.0
220,376,2,0,0,0,0.0,0.0
220,458,1,0,0,0,0.0,0.0
220,459,2,0,0,0,0.0,0.0
220,479,1,0,0,0,0.0,0.0
220,977,1,0,0,0,0.0,0.0
220,1365,2,0,0,0,0.0,0.0
220,1366,2,0,0,0,0.0,0.0
220,1370,1,0,0,0,0.0,0.0
220,1382,2,0,0,0,0.0,0.0
220,1383,3,0,0,0,0.0,0.0
220,1384,2,0,0,0,0.0,0.0
220,1385,3,0,0,0,0.0,0.0
220,1386,1,0,0,0,0.0,0.0
221,62,2,0,0,0,0.0,0.0
221,111,2,0,0,0,0.0,0.0
221,150,2,0,0,0,0.0,0.0
221,155,3,0,0,0,0.0,0.0
221,241,1,0,0,0,0.0,0.0
221,292,2,0,0,0,0.0,0.0
221,458,2,0,0,0,0.0,0.0
221,459,2,0,0,0,0.0,0.0
221,461,2,0,0,0,0.0,0.0
221,479,2,0,0,0,0.0,0.0
221,1365,2,0,0,0,0.0,0.0
221,1366,2,0,0,0,0.0,0.0
221,1370,1,0,0,0,0.0,0.0
221,1382,2,0,0,0,0.0,0.0
221,1383,3,0,0,0,0.0,0.0
221,1384,1,0,0,0,0.0,0.0
221,1385,3,0,0,0,0.0,0.0
221,1386,1,0,0,0,0.0,0.0
222,400,2,0,0,0,0.0,0.0
222,412,1,0,0,0,0.0,0.0
222,419,2,0,0,0,0.0,0.0
222,1387,2,0,0,0,0.0,0.0
222,1392,1,0,0,0,0.0,0.0
222,1397,2,0,0,0,0.0,0.0
222,1398,1,0,0,0,0.0,0.0
222,1399,1,0,0,0,0.0,0.0
222,1400,2,0,0,0,0.0,0.0
223,400,2,0,0,0,0.0,0.0
223,1387,2,0,0,0,0.0,0.0
223,1392,2,0,0,0,0.0,0.0
223,1398,2,0,0,0,0.0,0.0
224,656,2,0,0,0,0.0,0.0
224,1157,2,0,0,0,0.0,0.0
224,1274,2,0,0,0,0.0,0.0
224,1313,2,0,0,0,0.0,0.0
224,1316,1,0,0,0,0.0,0.0
224,1317,2,0,0,0,0.0,0.0
224,1318,2,0,0,0,0.0,0.0
224,1319,2,0,0,0,0.0,0.0
225,40,2,0,0,0,0.0,0.0
225,161,1,0,0,0,0.0,0.0
225,225,2,0,0,0,0.0,0.0
225,293,2,0,0,0,0.0,0.0
225,421,1,0,0,0,0.0,0.0
225,433,2,0,0,0,0.0,0.0
225,448,2,0,0,0,0.0,0.0
225,449,2,0,0,0,0.0,0.0
225,923,2,0,0,0,0.0,0.0
225,924,2,0,0,0,0.0,0.0
225,1062,2,0,0,0,0.0,0.0
225,1074,2,0,0,0,0.0,0.0
225,1075,2,0,0,0,0.0,0.0
225,1124,2,0,0,0,0.0,0.0
225,1213,2,0,0,0,0.0,0.0
225,1280,2,0,0,0,0.0,0.0
225,1304,3,0,0,0,0.0,0.0
225,1305,3,0,0,0,0.0,0.0
225,1309,2,0,0,0,0.0,0.0
225,1377,1,0,0,0,0.0,0.0
225,1378,2,0,0,0,0.0,0.0
225,1379,3,0,0,0,0.0,0.0
225,1380,1,0,0,0,0.0,0.0
225,1381,2,0,0,0,0.0,0.0
